setpoint,run_name,total_time_s,total_time_m,expected_emissions_sl,actual_emissions_sl,emissions_error_percent,emissions_error_sl,rise_time_s,transient_check
0.05,"0.05-ss",32.9,0.548333333333333,0.0274166666666667,0.0273029166666667,-0.414893617021147,-0.000113749999999965,NaN,NaN
0.05,"0.05-tr",9.2,0.153333333333333,0.00766666666666667,0.007709,0.552173913043502,4.23333333333352e-05,22.2,1
0.034,"0.034-tr",76.05,1.2675,0.043095,0.0445243333333332,3.3167034072008,0.00142933333333319,28.15,1
1,"1-tr",62.4,1.04,1.04,1.05182716666667,1.13722756410257,0.0118271666666667,13.15,1
0.34,"0.34-tr",120.65,2.01083333333333,0.683683333333333,0.694542500000001,1.58833280514874,0.0108591666666678,12.85,1
0.34,"0.34-ss-err",342.65,5.71083333333333,1.94168333333333,1.96590908333333,1.24766740199646,0.0242257499999983,NaN,NaN
0.05,"0.05-ss-old",139.55,2.32583333333333,0.116291666666667,0.118057583333333,1.51852382658549,0.00176591666666671,NaN,NaN
